{
    "dashboard": "Dashboard",
    "default": "Default",
    "analytics": "Analytics",

    "widget": "Widget",
    "statistics": "Statistics",
    "data": "Data",
    "chart": "Chart",

    "application": "Application",
    "users": "Users",
    "social-profile": "Social Profile",
    "account-profile": "Account Profile",
    "profile": "Profile",
    "cards": "Cards",
    "list": "List",
    "style": "Style",
    "customer": "Customer",
    "customer-list": "Customer List",
    "order-list": "Order List",
    "order-details": "Order Details",
    "product": "Product",
    "product-review": "Product Review",
    "chat": "Chat",
    "mail": "Mail",
    "contact": "Contact",
    "calendar": "Calendar",

    "forms": "Forms",
    "components": "Components",
    "autocomplete": "Autocomplete",
    "button": "Button",
    "checkbox": "Checkbox",
    "date-time": "Date & Time",
    "radio": "Radio",
    "slider": "Slider",
    "switch": "Switch",
    "text-filed": "Text Filed",
    "plugins": "Plugins",
    "mask": "Mask",
    "clipboard": "Clipboard",
    "recaptcha": "reCaptcha",
    "wysiwug-editor": "Wysiwug Editor",
    "modal": "Modal",
    "tooltip": "Tooltip",
    "table": "Table",
    "table-basic": "Basic Table",
    "table-dense": "Dense Table",
    "table-enhanced": "Enhanced Tables",
    "table-data": "Data Table",
    "table-customized": "Custom Table",
    "table-sticky-header": "Fixed Header",
    "table-collapse": "Collapse Table",

    "ui-element": "UI Element",
    "basic": "Basic",
    "basic-caption": "8+ Basic Components",
    "accordion": "Accordion",
    "avatar": "Avatar",
    "badges": "Badges",
    "breadcrumb": "Breadcrumb",
    "chip": "Chip",
    "tabs": "Tabs",
    "advance": "Advance",
    "alert": "Alert",
    "dialog": "Dialog",
    "pagination": "Pagination",
    "progress": "Progress",
    "rating": "Rating",
    "snackbar": "Snackbar",
    "speeddial": "Speeddial",
    "timeline": "Timeline",
    "toggle-button": "Toggle Button",
    "treeview": "Treeview",

    "pages": "Pages",
    "pages-caption": "Prebuild Pages",
    "authentication": "Authentication",
    "login": "Login",
    "register": "Register",
    "forgot-password": "Forgot Password",
    "check-mail": "Check Mail",
    "reset-password": "Reset Password",
    "code-verification": "Code Verification",
    "pricing": "Pricing",
    "price": "Price",
    "maintenance": "Maintenance",
    "error-404": "Error 404",
    "coming-soon": "Coming Soon",
    "under-construction": "Under Construction",
    "landing": "Landing",
    "contact-us": "Contact US",

    "utilities": "Utilities",
    "typography": "Typography",
    "color": "Color",
    "shadow": "Shadow",
    "icons": "Icons",
    "tabler-icons": "Tabler Icons",
    "material-icons": "Material Icons",

    "others": "Others",
    "menu-level": "Menu Levels",
    "level": "Level",
    "menu-level-subtitle": "Sub Caption Levels",
    "menu-level-subtitle-caption": "Caption Collapse",
    "menu-level-subtitle-item": "Caption Item",
    "menu-level-subtitle-collapse": "Sub Collapse Caption",
    "menu-level-subtitle-sub-item": "Sub Item Caption",
    "disabled-menu": "Disabled Menu",
    "oval-chip-menu": "Oval Chip",
    "coded": "Coded",
    "c": "C",
    "outlined": "Outlined",

    "sample-page": "Sample Page",
    "documentation": "Documentation",
    "roadmap": "Roadmap",

    "title": "Multi Language",
    "home": "Home",
    "change": "Change Language",
    "message": "Lorem ipsum dolor sit amet, consectetur adipiscing elit, sed do eiusmod tempor incididunt ut labore et dolore magna aliqua. Ut enim ad minim veniam, quis nostrud exercitation ullamco laboris nisi ut aliquip ex ea commodo consequat. Duis aute irure dolor in reprehenderit in voluptate velit esse cillum dolore eu fugiatnulla pariatur. Excepteur sint occaecat cupidatat non proident, sunt in culpa qui officia deserunt mollitanim id est laborum.",

    "welcome": "Welcome",
    "basic-berry-intro": "Berry Basic Intro",
    "quick-start": "Quick Start",
    "install-dependencies": "Install Dependencies",
    "install-start": "Start",
    "install-build": "Build",
    "file-structure": "File Structure",
    "developing": "Developing",
    "dependencies": "Dependencies",
    "environment-variables": "Environment Variables",
    "state-management": "State Management",
    "internationalization": "Internationalization",
    "api-call-axios": "API calls - axios",
    "firebase": "Firebase",
    "theming": "Theming",
    "default-theme": "Default Theme",
    "layout": "Layout",

    "support": "Support",
    "resources-credits": "Resources & Credits",
    "faqs": "FAQs",
    "changelog": "Changelog",

    "getting_started": "Getting Started",
    "prerequisites": "Prerequisites",
    "installation": "Installation",
    "theme-ui": "Theme UI",

    "shadows": "Shadows",
    "tips": "Tips",
    "development": "Development",
    "file_structure": "File Structure",
    "template_config": "Template Config",
    "routing": "Routing",
    "environment_variables": "Environment Variables",
    "state_management": "State Management",
    "api_calls": "API Calls",
    "multi_language": "Multi-Language",
    "lazy_load_image": "Lazy Load Image",
    "form_helper": "Form Helper",
    "code_splitting": "Code Splitting",
    "support_changelog": "Support Changelog"
}
